<?xml version="1.0" encoding="UTF-8" standalone="yes"?>
<addon id="plugin.video.faustinotv" name="[B][COLOR cyan]FaustinoTV[/COLOR][/B]" version="3.1.1" provider-name="faustinotv"> 
<requires>
    <import addon="xbmc.python" version="3.0.0"/>
    <import addon="script.module.requests"/>
	<import addon="inputstream.adaptive"/>
    <import addon="script.module.simplejson"/>
	<import addon="script.module.kodi-six" />
</requires>  
<extension point="xbmc.python.pluginsource" library="faustinotv.py">
	<provides>video</provides>
</extension>  
<extension point="xbmc.addon.metadata">
    <summary lang="en">TV AO VIVO | FILMES | SERIES</summary>
    <description lang="en">PLUGIN OFICIAL FAUSTINOTV</description>
    <platform>all</platform>
	<assets>
       <icon>icon.png</icon>
       <fanart>fanart.jpg</fanart>
       <screenshot>resources/screenshots/01.jpg</screenshot>
       <screenshot>resources/screenshots/02.jpg</screenshot>
       <screenshot>resources/screenshots/03.jpg</screenshot>
    </assets>
	<news>
	</news>
</extension>
</addon>